date,sales,price,comp_price,promo,mkt
2023-01-01,1175.4320509042143,11.956574775867978,10.993072878454155,0,6.310665830145644
2023-01-02,1252.743285867863,11.99646859373132,11.100220254994944,0,7.270180051949795
2023-01-03,1269.7078073337818,12.0077877336534,11.088335577322653,0,6.692408089846152
2023-01-04,1422.345293702869,11.947535945096677,11.08718594079036,1,4.355469742235034
2023-01-05,1413.8424485839098,11.924391935017935,11.014440851026702,1,4.683572584875114
2023-01-06,1198.4879162980264,11.990449396501822,11.047628850754542,0,5.386137574886971
2023-01-07,1346.4203532634476,11.893382226766098,11.031061262263995,1,5.692779747683449
2023-01-08,1233.584568174297,11.876225721611851,11.029237439083646,0,6.235909842605785
2023-01-09,1269.0239787512862,11.926863171960074,11.01339622255719,0,4.534358245043655
2023-01-10,1369.4209071616172,11.892193555869468,11.009235734198946,0,7.192433751159436
2023-01-11,1202.8040124684294,11.865038109804587,11.000708321246327,0,3.213653513595023
2023-01-12,1322.125066115054,11.861249751047112,10.999417067972907,0,6.793052529405847
2023-01-13,1254.3513333926576,11.920905336092083,10.99783302349329,0,6.759800141430032
2023-01-14,1282.20306127304,11.895349256224696,10.993206864148716,0,6.966147981199898
2023-01-15,1114.1779116786272,11.877589977838854,10.988170547352327,0,1.3995185506130001
2023-01-16,1243.884541486397,11.860215926814114,11.027426100922108,0,3.9760867733757888
2023-01-17,1191.8436957178587,11.94845313012313,11.053868608514884,0,5.470955973889468
2023-01-18,1241.7342817262195,12.035924573682083,11.080491878068283,0,6.25242305670729
2023-01-19,1215.2828370573698,12.076086729597238,11.05851841163493,0,5.8779128968720595
2023-01-20,1300.3144787855956,12.091534185564232,11.09622303659038,1,4.7793801000440475
2023-01-21,1143.6657904117494,12.121028928600081,11.130172371866257,0,7.924565980154359
2023-01-22,1264.1392399177735,12.180658209726113,11.11357024200221,1,6.486044249384104
2023-01-23,1301.2762416077935,12.143224854990018,11.159285802518204,1,5.407867621765231
2023-01-24,1218.9703438799015,12.190258016781302,11.13878902422821,0,4.518642704491557
2023-01-25,1115.3861029803759,12.140102790071342,11.083528069076058,0,6.102319934875893
2023-01-26,1117.5637911737829,12.114592729973205,11.116573848660654,0,7.888050661152006
2023-01-27,1045.385843653404,12.150876937805217,11.11298828524775,0,6.052769741135948
2023-01-28,1289.7132695169917,12.093729709796179,11.142295932185,1,5.951928850242832
2023-01-29,1124.6984977120815,12.088126960988632,11.119669867303275,0,6.09942359196731
2023-01-30,1287.5914695586239,12.053656765154244,11.081816766950864,0,6.180923801528884
2023-01-31,1458.1120378767648,12.043431990333021,11.118772920609583,1,5.650220138048315
2023-02-01,1360.453471585455,11.931488426114592,11.07655486370771,1,4.54071749209771
2023-02-02,1377.3368632339602,11.860627101934197,11.02972394836459,0,8.293521463675718
2023-02-03,1255.213046480959,11.832632012550281,10.971956341641658,0,6.956238903389609
2023-02-04,1286.2946860705997,11.869730509820624,10.88812217269243,0,9.175700094748517
2023-02-05,1416.6661039471546,11.862785082509015,10.856949041194499,1,6.746333912951311
2023-02-06,1369.2175980268999,11.862898919144888,10.791866802442138,0,5.653062084744823
2023-02-07,1332.1000558736948,11.89042782758898,10.790798637903842,0,4.581244978754574
2023-02-08,1216.0593674927181,11.855246373868617,10.723706117394103,0,5.5050063417384525
2023-02-09,1158.787039839993,11.866591466820909,10.690877914818824,0,4.2705855723764685
2023-02-10,1247.1623630029121,11.834376806098284,10.760839774705113,0,9.146761014151785
2023-02-11,1220.141427835723,11.76527002633346,10.771193501923475,0,5.9744524357535855
2023-02-12,1236.8740850774227,11.749634034583256,10.772777672185708,0,7.179084912149233
2023-02-13,1400.705502205717,11.772586269079458,10.724155112776112,0,7.442952983725799
2023-02-14,1395.2348642820432,11.786129831119451,10.716787182797649,0,7.621372698696426
2023-02-15,1391.1748932624364,11.785656611340299,10.718230439691748,0,9.821804675453633
2023-02-16,1268.6198121619555,11.881351221977807,10.670075015818135,0,5.856882155195518
2023-02-17,1202.0162897042396,11.897867708390159,10.673860436244555,0,5.727206903704809
2023-02-18,1221.24837112049,11.937017148627652,10.709597409956507,0,6.246720437965206
2023-02-19,1252.263124020406,12.02654288216757,10.699149666391326,0,7.122812293140175
2023-02-20,1189.3389645230143,11.97477946924112,10.693232575339197,0,6.268315663975107
2023-02-21,1185.2663031052236,11.933227940832921,10.631969682874335,0,5.5967230989778844
2023-02-22,1102.9157270209241,12.002976429837839,10.589992666816046,0,4.926093906847555
2023-02-23,1110.926936065256,11.971053920428197,10.621723519858893,0,4.838475774114341
2023-02-24,1077.3636542317029,11.97224124964033,10.601877000461478,0,6.404209025040594
2023-02-25,1027.2022392454849,12.015013888417304,10.573985651428206,0,4.501682625097362
2023-02-26,1074.6566377490585,12.05064214406903,10.553208157949065,0,3.278951102152697
2023-02-27,1238.1184434037211,12.120837591348275,10.55148417413904,0,6.1728592946298955
2023-02-28,1256.6151790616652,12.180663356829614,10.516731696813066,0,7.743944876455123
2023-03-01,1252.8746996721886,12.223439063617842,10.520527191992173,0,6.9927164259522065
2023-03-02,1189.2118243427688,12.192530715047956,10.479726961678482,0,5.973168239127008
2023-03-03,1156.7126338621754,12.224325221759685,10.502946961740754,0,6.604502748579274
2023-03-04,1173.5255778566382,12.236896101539958,10.471235288420567,0,3.529326445558283
2023-03-05,1231.3963429996043,12.18384548314234,10.510843337988529,0,4.965539753313844
2023-03-06,1391.7139280294107,12.240537445001415,10.510542358405809,0,8.517103063937729
2023-03-07,1393.4343562481524,12.272826906384557,10.485173025553951,0,7.776178121393934
2023-03-08,1255.1777602420932,12.274646509609802,10.512516843841421,0,4.932640993445385
2023-03-09,1313.8519881255497,12.265322827170426,10.471281937468328,0,8.631468387621364
2023-03-10,1178.5707793188649,12.217390781382393,10.454869968117805,0,4.923163662279655
2023-03-11,1181.2757961058,12.22537174432474,10.454867702319486,0,4.765211942292634
2023-03-12,1428.0820944556726,12.244109309102564,10.45123269822084,1,8.303876352251066
2023-03-13,1346.7477590341307,12.210863109732834,10.390975134169722,0,7.9616100800696366
2023-03-14,1244.406970176837,12.257351271696814,10.363355737891322,0,5.117160746095262
2023-03-15,1310.2920096675273,12.213463149837493,10.368402768164025,0,5.926366763124031
2023-03-16,1211.9623419557397,12.128539135835796,10.328806021383226,0,5.4874500277624145
2023-03-17,1170.7833151457708,12.170128219471504,10.366798900343202,0,6.756207832656699
2023-03-18,1247.931196104116,12.15399357794742,10.381654327006782,0,8.351087877700838
2023-03-19,1164.1210143508356,12.148952394534899,10.366227115285449,0,6.798231813544428
2023-03-20,1167.8677640176436,12.115451725621897,10.359618341326447,0,5.829143382616543
2023-03-21,1210.1739401832247,12.0512132151932,10.415465265041401,0,3.980549986134387
2023-03-22,1276.4184678233535,12.101422710182169,10.443544918567692,1,7.166944697877539
2023-03-23,1083.0048190670773,12.073867950828292,10.454951492913677,0,4.165579276576337
2023-03-24,1077.5662660668618,12.14030605035421,10.41248592980065,0,5.719300397256556
2023-03-25,1105.256128072098,12.17259837780264,10.461374269360027,0,7.437353465748394
2023-03-26,1204.789357379546,12.160008051933941,10.492946301426247,0,7.216838190222484
2023-03-27,1239.1452735990488,12.116571955888865,10.48849413979945,0,7.258069912987157
2023-03-28,1244.495026076636,12.087273476420048,10.472003197723186,0,7.048381852773588
2023-03-29,1192.339184509525,12.03877255117624,10.466366079559883,0,6.218789192075614
2023-03-30,1196.6910495922468,12.122257085559768,10.430307979133875,0,6.4532319366326565
2023-03-31,1076.5009326664047,12.128834734768962,10.416184412402654,0,6.138105397080652
2023-04-01,1173.356028513085,12.174842956470826,10.439079227827289,0,6.723866148333732
2023-04-02,1239.1577957761613,12.124148874510418,10.384850589510012,0,6.802854661507367
2023-04-03,1246.8528060384128,12.131390279694298,10.375428358282743,0,6.199992738292951
2023-04-04,1308.3149837710023,12.17850475724664,10.37884103746914,0,6.770721183696088
2023-04-05,1349.9046033132024,12.16510432676932,10.38194807858884,0,4.972768457460729
2023-04-06,1242.5729686915452,12.20634890512619,10.346579969967836,0,5.539564983376672
2023-04-07,1255.723205676981,12.162966188645958,10.311115383228024,0,6.345747841535509
2023-04-08,1311.062225624266,12.108427326861216,10.343790344701777,0,8.88526947385131
2023-04-09,1243.462220626679,12.123603351344341,10.307054471917287,0,6.793486266194442
2023-04-10,1381.0897175383584,12.10843629396144,10.33731400060654,1,5.7978960799047545
2023-04-11,1234.0240170256557,12.134118481532312,10.322843041153286,0,5.669664207298106
2023-04-12,1311.6218736301676,12.055002964271495,10.355236931662313,0,7.116248263120408
2023-04-13,1146.9315282695547,12.083493549690315,10.342604576500163,0,5.854108020986186
2023-04-14,1238.3018504292784,12.187425706781088,10.307610436881674,0,6.9560714783184
2023-04-15,1194.949644820648,12.18644066752383,10.333307082573478,0,6.767406084139813
2023-04-16,1185.0522569173893,12.187806352680221,10.332785345906572,0,4.130883049199934
2023-04-17,1182.6277370435764,12.194988332065769,10.376242643466306,0,6.709177534082512
2023-04-18,1294.0305334729637,12.120509303634098,10.40300864602044,0,6.69843572101615
2023-04-19,1204.5628495598482,12.13755516922171,10.396125847152128,0,7.195001802158206
2023-04-20,1038.3167741056493,12.073338779461071,10.382635819102237,0,4.744374918252061
2023-04-21,1191.6083269311562,12.056231595536119,10.383336989400854,0,7.641165150198026
2023-04-22,1053.8746694371891,12.105946377520269,10.38904328993663,0,5.7498037630646355
2023-04-23,1149.2968425838994,12.076537699276265,10.362590834134677,0,8.982411500052134
2023-04-24,1174.2428619905843,12.096587658858962,10.387849021325414,0,8.628649431837111
2023-04-25,1288.2940591739077,12.137097221017216,10.375928116571101,1,5.087909712432223
2023-04-26,1145.1475462288442,12.148246855261057,10.363237284216503,0,3.946172107654485
2023-04-27,1321.2704277989947,12.093408916457273,10.347016634095327,1,7.045863666863751
2023-04-28,1204.0195994627636,12.080109905443216,10.353947152115628,0,4.770046449588086
2023-04-29,1153.3877887573294,12.158486359138747,10.333185574064004,0,7.721261284616801
2023-04-30,1310.809029595527,12.077484528618848,10.337234677363712,0,6.794792816410646
2023-05-01,1262.42934250768,12.0664530880642,10.420232769496767,0,3.819586513278642
2023-05-02,1363.0875416821395,12.044368765204677,10.418624485694627,0,7.173096366290247
2023-05-03,1304.3791836779894,12.049198659728562,10.405604343545669,0,6.205876377841155
2023-05-04,1223.9885906449535,12.079127284416051,10.35557366670123,0,6.618167435891196
2023-05-05,1282.8658392727812,12.143474923136933,10.357080324444153,0,8.286069899698216
2023-05-06,1232.6088979181163,12.132665627456568,10.323803396146666,0,5.805116756906816
2023-05-07,1252.0384871305491,12.16515928065564,10.312536652577517,0,7.1370325970746915
2023-05-08,1254.1719699792752,12.185148886450246,10.317084880386933,0,5.102416994486777
2023-05-09,1219.2462687875752,12.20412277836512,10.265155196892268,0,5.139292607579834
2023-05-10,1272.8672769637649,12.18156582110406,10.269879079464221,0,5.672778729490272
2023-05-11,1232.7558284214617,12.141672962353024,10.279014534727002,0,5.069427896377384
2023-05-12,1223.5702154746102,12.097671237848196,10.240101534137002,0,6.851792247507771
2023-05-13,1216.306246198851,12.067413749472232,10.22833225837313,0,4.014845601298104
2023-05-14,1205.5685089927679,12.08028121250688,10.173412267507796,0,7.244320716478359
2023-05-15,1369.8297455514523,12.110719188232014,10.22067729558307,1,4.8577071190625
2023-05-16,1214.9247658184288,12.12365794214629,10.230594193879535,0,6.56655684572438
2023-05-17,1187.7344611418462,12.10169973829846,10.225206538850161,0,4.218850107791785
2023-05-18,1135.7227188047793,12.173938542695758,10.220303463930476,0,6.716598560637625
2023-05-19,1186.6538705239686,12.234693167641021,10.254246772172449,0,7.626011243915422
2023-05-20,1144.649517683755,12.220533163131014,10.25142180561483,0,6.01465675941292
2023-05-21,1202.4394839162971,12.187595906891588,10.261346308753103,0,8.32302335816696
2023-05-22,1174.6509974540256,12.192804505057905,10.306905195564068,0,5.790138972087439
2023-05-23,1195.29428076001,12.24349645086008,10.296520181124002,0,6.6170516278198255
2023-05-24,1134.5578890034221,12.256807049950245,10.2637411213888,0,4.61179954035359
2023-05-25,1150.7089112634883,12.279068998146647,10.239006104146192,0,6.657646354236682
2023-05-26,1070.256715471993,12.270585793255622,10.28186601917937,0,5.147791060932383
2023-05-27,1050.8663148381067,12.288836629063711,10.284608868434793,0,4.919413029615493
2023-05-28,1203.030949416347,12.350618407121956,10.269538929786702,0,8.370155411881372
2023-05-29,1324.4656742603102,12.341031655862848,10.298748261180677,1,4.094668717239243
2023-05-30,1240.9915591795798,12.346763965163163,10.328686982750991,0,5.827847314232221
2023-05-31,1306.950033197933,12.356916624225148,10.314417549713799,0,7.06918539611804
2023-06-01,1182.4793552874546,12.36826563845599,10.285259444601234,0,6.351106359324342
2023-06-02,1076.8417448853268,12.31179008341314,10.238143586569398,0,3.2290095106393424
2023-06-03,1206.8592839067478,12.236715337178184,10.184326918941611,0,6.905863904509173
2023-06-04,1195.514190343316,12.195929134341311,10.176377325386232,0,3.931501562389064
2023-06-05,1247.5635127962535,12.202646826157377,10.149581446975128,0,5.335122077031579
2023-06-06,1258.0115555305108,12.224801072797506,10.205335679269313,0,5.633636021198516
2023-06-07,1195.915295051739,12.20357409040656,10.207091811910164,0,1.6199560195281624
2023-06-08,1245.7921858270254,12.258664389721254,10.14882732561263,0,5.841149152745603
2023-06-09,1206.305018596696,12.252937350748205,10.19138920387793,0,6.9988160957418755
2023-06-10,1178.7996561828063,12.25374999067759,10.19624051316046,0,5.744873360949342
2023-06-11,1413.2476632985624,12.245991435855483,10.217389897571652,1,6.277394720100933
2023-06-12,1360.1624992032748,12.25135250756535,10.237850940876655,0,9.392680280678741
2023-06-13,1268.8006937839775,12.279531470527095,10.24674763789525,0,7.688160349527546
2023-06-14,1226.5625265283652,12.306157608043588,10.262447916808286,0,6.089078726567788
2023-06-15,1281.057370010587,12.270220690419205,10.269610736960178,0,9.880513242844515
2023-06-16,1131.1996723722323,12.331167241478346,10.236419159781216,0,5.045443463401302
2023-06-17,1218.4390691394055,12.28736618318127,10.24742112572549,0,6.779515662091161
2023-06-18,1058.324434437582,12.290535263744893,10.278138290875265,0,3.635064145639644
2023-06-19,1129.6229615956934,12.279559400803999,10.271836598495891,0,6.597492007536314
2023-06-20,1206.143835014483,12.23759973371126,10.288375665037984,0,5.832884535881526
2023-06-21,1169.0865249284143,12.234594910192307,10.300963339393926,0,6.09118990022811
2023-06-22,1106.4034230289972,12.20496235926061,10.355432901311499,0,6.555722092467966
2023-06-23,1147.2582151865377,12.207878648991652,10.347850392290505,0,6.420005872488454
2023-06-24,1187.5411188096055,12.224002087440427,10.339090267407398,1,4.391059136775495
2023-06-25,1149.9003610962836,12.282879262199359,10.335582315202997,0,5.424982295109004
2023-06-26,1173.3896748805698,12.295174630944455,10.332510582949885,0,6.009091070972493
2023-06-27,1124.818838241135,12.270725617332262,10.264332051621256,0,3.85623658344738
2023-06-28,1197.029250963659,12.255060824903477,10.24505375637726,0,7.203854175754942
2023-06-29,1272.429260918766,12.26065994914806,10.254050308373632,0,8.824323464625127
2023-06-30,1155.5344128637641,12.264398382326545,10.253802612933598,0,6.455315301866173
2023-07-01,1226.5433382634742,12.322781953055683,10.229822438307682,0,5.208430252319824
2023-07-02,1162.42128205909,12.378596070245962,10.209879060742422,0,2.5471133083224764
2023-07-03,1213.7081916108564,12.36423863319627,10.199210666893512,0,3.7186376155321246
2023-07-04,1258.3823924985234,12.342292948068822,10.17516351346944,0,6.508843296023118
2023-07-05,1343.1065314155956,12.240010763906108,10.159771995156138,0,7.893654805196258
2023-07-06,1391.4740555649255,12.21805394737322,10.143590291571781,1,5.669873446459152
2023-07-07,1185.059998249127,12.178931639129848,10.170451416969998,0,3.7691380983906746
2023-07-08,1219.2808159606304,12.164738660806055,10.200943155026229,0,4.693462133815318
2023-07-09,1247.5719357044945,12.18040203050006,10.22895070785807,0,5.141656878634481
2023-07-10,1189.0556458189192,12.187489723668019,10.241751761833326,0,3.1011789545261017
2023-07-11,1310.5987400019417,12.186291003386119,10.22050208730092,0,5.534150646779967
2023-07-12,1362.4691127797926,12.194274287829659,10.249297000800732,0,7.338580137531199
2023-07-13,1231.5049755878895,12.189229576900418,10.23986948320515,0,3.477327126424562
2023-07-14,1165.6841367499824,12.197110334202158,10.240561049452934,0,5.160539920798999
2023-07-15,1105.0313992738259,12.067868133885385,10.280707665410851,0,2.963543586803571
2023-07-16,1171.7930712982063,12.057096394295355,10.283227451094799,0,4.77127598507051
2023-07-17,1181.28443913251,12.052662365453235,10.29064597200193,0,5.777933956453121
2023-07-18,1247.2831444906499,12.039011896804972,10.248262587422031,0,7.531809318764234
2023-07-19,1202.0202732676926,12.030294046320854,10.262872866235035,0,6.683562950372904
2023-07-20,1045.1523734599205,12.058426451033123,10.233472666815961,0,4.224828447881922
2023-07-21,1092.0166915047048,12.03450223777949,10.263830856507,0,6.140971964280234
2023-07-22,1129.2587569156049,12.122530321748176,10.258292881191814,0,5.499099882995702
2023-07-23,1169.3823643811343,12.150062198957059,10.1912078159313,0,5.98069480792818
2023-07-24,1111.5949472247053,12.149809908920504,10.1804672128544,0,5.7007577585255165
2023-07-25,1234.9687858913016,12.1415434167926,10.173626176705822,0,6.470058101623656
2023-07-26,1163.0210750080196,12.138082525337316,10.188190433488165,0,6.271668954931157
2023-07-27,1171.5049536284587,12.101470242539557,10.20830580520758,0,7.299650222685882
2023-07-28,1274.556944278709,12.097662140969236,10.198472877865944,1,6.174887830004739
2023-07-29,1125.4912272259976,12.108809481638318,10.228858923711561,0,8.534896065900895
2023-07-30,1235.467698195355,12.131991146261248,10.133847263851974,0,6.778839275825064
2023-07-31,1227.861569591578,12.15517873742702,10.112427593911217,0,8.217465501910995
2023-08-01,1324.1395750714946,12.144183635564383,10.079056665786101,0,7.080375034645111
2023-08-02,1189.2280877705348,12.087540345463506,10.041431160468553,0,4.990821395757132
2023-08-03,1318.589320525328,12.06077624041417,10.07022235160898,0,7.86437684562367
2023-08-04,1409.0616428093358,12.125263962126663,10.095097463579725,1,7.776265692521762
2023-08-05,1174.7186884992045,12.161106294663062,10.071824362967417,0,1.6919120861015768
2023-08-06,1225.8136853415313,12.175891078115228,10.107166073086216,0,5.177331982242655
2023-08-07,1274.1033545264565,12.145439308324823,10.110210079859788,0,8.164138660486207
2023-08-08,1300.058885249118,12.145585114523776,10.097559556836535,0,7.581582058763134
2023-08-09,1250.2887728572532,12.095358367097276,10.076771872945361,0,3.809373736321685
2023-08-10,1282.3015875549306,12.073280892069432,10.053423721151468,0,7.28814272285785
2023-08-11,1363.651117900174,12.063472758402025,10.067606966874955,1,8.590852351874354
2023-08-12,1273.2512353833033,12.049007161127417,10.087111613903964,0,6.910047634558152
2023-08-13,1173.312475827916,12.087271238369658,10.094266650269603,0,3.786215736578157
2023-08-14,1146.719610216526,12.030522201808239,10.03276011994811,0,4.824276998783676
2023-08-15,1252.9767590889833,11.995904910947633,10.041650879629696,0,6.600756562462094
2023-08-16,1159.1592353485473,11.940917392106744,10.058612776550861,0,5.676697555207276
2023-08-17,1221.5511113127295,11.89142326359923,10.038536608386927,0,7.916494014309171
2023-08-18,1148.6242945759473,11.896385499457097,10.039834124673877,0,7.096873103474559
2023-08-19,1182.8076156514308,11.832367878134844,9.983917595694855,0,8.944766514810858
2023-08-20,1160.8199937868917,11.86252262928835,9.947018523844463,0,7.53092536809694
2023-08-21,1231.6420344217277,11.852649998210707,9.937291463397246,0,6.828806020950484
2023-08-22,1131.8521065444083,11.855401531511747,9.927998929076763,0,5.528498521750585
2023-08-23,1214.395780217457,11.868304601031635,9.93854931022925,0,8.106692644436933
2023-08-24,1271.881733290599,11.850937940221572,9.902941548633368,1,6.008247515458425
2023-08-25,1043.491702340314,11.892237128851706,9.892705366694749,0,4.46114989754073
2023-08-26,1132.6497802519498,11.8844634197826,9.878011973282346,0,6.072256235246426
2023-08-27,1137.0858021336414,11.908226229992163,9.893852287501723,0,5.8622166325037695
2023-08-28,1415.5699165497003,11.900261734681873,9.936483570552772,1,4.5096897154378714
2023-08-29,1311.9337161972758,11.91189671017887,9.988111180147074,0,7.241757719218007
2023-08-30,1308.7681674302057,11.923083216985189,9.941057978742133,1,5.789357653869381
2023-08-31,1211.061729490451,11.93308201456341,9.93961755298962,0,6.593382934213103
2023-09-01,1209.8745400372766,11.894109700578573,9.906241673682278,0,4.828637090650312
2023-09-02,1268.9746657918135,11.91154473140047,9.90429932513769,0,5.752993207214114
2023-09-03,1325.5153567052796,11.898786451836488,9.916986903526169,0,7.161489243581489
2023-09-04,1372.702598539096,11.924005973056083,9.91943163048727,0,5.629757547030827
2023-09-05,1311.625284171124,11.837906235279592,9.917961279523437,0,5.451987645145991
2023-09-06,1414.8327861051855,11.779301586397393,9.962452454766396,0,9.276470553663804
2023-09-07,1223.2830331739801,11.793839408882794,9.984082136517513,0,6.474292388352291
2023-09-08,1287.0317754256694,11.868356512287004,9.97590250267138,0,7.099959791828274
2023-09-09,1242.345269504536,11.901758862159454,9.976628843498238,0,7.119356898080918
2023-09-10,1246.9945362253727,11.874460824791454,10.002755777701921,0,6.145445454998836
2023-09-11,1341.9095929753323,11.806778728176337,10.0210494928831,0,6.791436941025898
2023-09-12,1273.1360087027006,11.8364861770228,10.008297209772074,0,4.5404822977271495
2023-09-13,1263.4041510522914,11.833262848141082,9.955039924538967,0,8.172312827842294
2023-09-14,1315.6743039401288,11.856891016856858,9.919500199755786,0,7.870424641766368
2023-09-15,1336.6040481900307,11.86150296574529,9.923879576506192,1,6.285321853307521
2023-09-16,1117.2752736428104,11.86268868275011,9.870283770925822,0,6.009533813525578
2023-09-17,1017.4320689800055,11.981033700585836,9.86571193598533,0,4.140565394330151
2023-09-18,1216.0012056295998,11.980788502144014,9.852104860699702,0,7.543966457534421
2023-09-19,1153.1285255193293,11.974418693773883,9.88208244479112,0,5.61744479619544
2023-09-20,1144.5215725005369,11.969560746757722,9.842541130086856,0,6.914650362439121
2023-09-21,1053.3656541497605,11.946219278089416,9.784588060719827,0,3.8389890089513194
2023-09-22,1121.5030666394402,11.985824593878029,9.771998838471523,0,6.947181924543658
2023-09-23,1158.1593246923003,11.971674420526774,9.791041732419329,0,5.737123418047291
2023-09-24,1111.5580948316326,11.997112128752558,9.823139290387148,0,6.017861807827033
2023-09-25,1146.4617294734633,12.0084962499451,9.79585947989035,0,3.8732823509710914
2023-09-26,1223.2592759854747,12.057255684430396,9.809967392318237,0,7.018596445279959
2023-09-27,1150.9023097130353,12.074062868309932,9.776624478885365,0,5.081211971824217
2023-09-28,1193.032714714098,12.025527477072025,9.754159654918283,0,5.929483118269951
2023-09-29,1412.9603589665178,11.972467965669868,9.771187496699115,1,7.206271502116143
2023-09-30,1220.3022828241392,12.028802731512943,9.79273201297567,0,5.871496719071642
2023-10-01,1304.884445296914,12.004454299382367,9.762750590497465,0,8.979364443349702
2023-10-02,1241.8840750905738,11.95163019619078,9.776997540185574,0,4.651795402153808
2023-10-03,1451.773735798305,11.92484545219599,9.720942545788057,1,6.360728622230447
2023-10-04,1229.0873104798632,11.97543046367471,9.71486277857309,0,6.619984745219012
2023-10-05,1221.9387517413713,11.91862194371677,9.68083533778474,0,4.4715408295247006
2023-10-06,1228.8398971978459,11.883962135566385,9.656604357578827,0,6.131113511425785
2023-10-07,1252.104492014861,11.857289835214525,9.618322037014496,0,5.707677364368536
2023-10-08,1310.6430942792917,11.807242240275597,9.634930828874666,0,6.338721638919155
2023-10-09,1473.6931449035453,11.75986914673513,9.651547062987621,1,6.680471969130913
2023-10-10,1325.2999408034464,11.699144827724584,9.630811049627638,0,8.097376247940797
2023-10-11,1242.9860165421107,11.680697331199115,9.642078518820945,0,6.432260743847091
2023-10-12,1198.2685409084131,11.66650097792951,9.649916695415007,0,6.820603697134705
2023-10-13,1185.2290900549674,11.63919945176138,9.646063142785003,0,8.248973950353738
2023-10-14,1095.5129943054358,11.573051538202673,9.71080824877251,0,3.623604394713414
2023-10-15,1170.3556121986087,11.623184976076914,9.685581890258316,0,5.608204768696862
2023-10-16,1155.6528765424714,11.570021822910027,9.68601104297971,0,6.057257795312209
2023-10-17,1170.7231084796197,11.581143171390941,9.674539432100843,0,3.6666594890732878
2023-10-18,1168.499912459317,11.538152507666187,9.663386031661929,0,6.115020705722861
2023-10-19,1025.0770578354118,11.564885182335848,9.668168391784674,0,2.46629113089888
2023-10-20,1098.743789135526,11.603118476542534,9.659336520778984,0,7.058306586976164
2023-10-21,1100.7804872252905,11.56801393307743,9.633523717976217,0,3.7825718463612543
2023-10-22,1146.8834260879355,11.491065303889544,9.637250542915009,0,4.123222589734718
2023-10-23,1296.454566299947,11.518896796655127,9.672720492317628,0,6.786516529839087
2023-10-24,1172.331879656554,11.593928818523674,9.701003483716985,0,3.4986399786289413
2023-10-25,1223.0893093073835,11.61055660011937,9.707094818369246,0,9.08067041184573
2023-10-26,1140.5914795344704,11.61697837697856,9.685032913955277,0,6.174904148568877
2023-10-27,1169.9686839687993,11.649768801362967,9.690625801967261,0,5.854360378141698
2023-10-28,1247.4843389219877,11.680370995202848,9.723165092667639,0,7.804789278094976
2023-10-29,1280.4395829366997,11.647211441852408,9.75890077053745,0,5.880436741367618
2023-10-30,1244.9147318551375,11.620845389424542,9.76969138232444,0,6.3609467862460045
2023-10-31,1291.5269628435644,11.645290331426777,9.758760666319455,0,5.76614972891421
2023-11-01,1219.961550965995,11.639529797527565,9.752678083836468,0,5.2472743455665185
2023-11-02,1280.4688129837264,11.692194021362107,9.775839461656624,0,6.5567812576342845
2023-11-03,1214.8176032244614,11.664020335476957,9.796429848102761,0,6.787542081190609
2023-11-04,1268.6942412709682,11.694044732151697,9.743698859738622,0,4.090292632086424
2023-11-05,1362.280069924398,11.707750251406466,9.76345738668239,1,4.678240537760637
2023-11-06,1313.1212684177044,11.70269274885808,9.784796036883275,0,5.010877421255967
2023-11-07,1453.6572415573205,11.749729179731466,9.758180294133117,1,5.955617677357355
2023-11-08,1289.4291918833005,11.776932041046162,9.735230860646407,0,6.518490926223367
2023-11-09,1224.8869936558817,11.736733354910879,9.712515937702879,0,9.234128467268004
2023-11-10,1201.5928942978574,11.762342102127672,9.692108053627193,0,6.41256022684811
2023-11-11,1284.0920451477566,11.81734172738744,9.649605566011365,1,5.738484477899652
2023-11-12,1160.674830333254,11.812123939828055,9.658998323897924,0,4.927678838083777
2023-11-13,1271.2928270251548,11.802177705812657,9.635426741934898,0,7.4779238485637425
2023-11-14,1325.103600455564,11.775391819906915,9.63331522685216,0,5.982146293164505
2023-11-15,1268.4216500320135,11.774847664479902,9.61838816336069,0,6.512631852228023
2023-11-16,1156.59136725401,11.802295691922017,9.62604348900259,0,5.9989812530887745
2023-11-17,1138.1623419850116,11.769588959938867,9.595724977920433,0,6.825866013822717
2023-11-18,1110.0546326577405,11.715734657509378,9.603082939167326,0,6.718050008538002
2023-11-19,1109.7578495608595,11.7007046610701,9.614776369645638,0,6.560764057609477
2023-11-20,1189.7193022127299,11.645515661923751,9.639604207201597,0,6.005749629438764
2023-11-21,1167.9343226464678,11.666444399575056,9.698637279883316,0,6.14014318822052
2023-11-22,1248.5081991591637,11.649376808775305,9.63587422677569,0,6.573479338489071
2023-11-23,1431.061441982963,11.579160734993271,9.645483656806883,1,3.1137057226166354
2023-11-24,1476.8592066156075,11.565216434403732,9.624208771558681,1,5.948891056771845
2023-11-25,1276.0304974185797,11.557511834971967,9.566457011371346,0,7.471184209595933
2023-11-26,1162.3573222144462,11.575477259506357,9.591705930070546,0,5.279528232988431
2023-11-27,1132.5181312309967,11.569662717780188,9.631671926587394,0,2.864821501870511
2023-11-28,1247.9022993077924,11.644411776053781,9.619923095272416,0,3.9224474154139912
2023-11-29,1224.573264159717,11.62366362199222,9.626250584159076,0,6.11279630548717
2023-11-30,1188.7457901888806,11.621167680048927,9.624328281954181,0,4.918860647669662
2023-12-01,1192.5867604610362,11.61705125547842,9.637354211996977,0,6.200887416579047
2023-12-02,1218.305487023629,11.60574612010214,9.663770284464686,0,5.972306748821618
2023-12-03,1330.4168505568764,11.611443143502658,9.674118404535488,0,5.296268848652133
2023-12-04,1326.0477752561678,11.633092395390564,9.684491502419291,1,4.627503266564787
2023-12-05,1345.747334327379,11.686696343532022,9.722283598705442,0,6.293230432172399
2023-12-06,1265.7836837533855,11.623926098436243,9.717343732040142,0,6.103397543152113
2023-12-07,1346.3884162345266,11.603512383483999,9.745035669179112,0,5.814165754556066
2023-12-08,1285.5524645363857,11.585601526469908,9.720375656513365,0,7.308621655585505
2023-12-09,1187.9970585483736,11.623115538364377,9.768588204914867,0,6.3020016573372395
2023-12-10,1339.756019989311,11.608849015921443,9.790722966686054,1,5.1059526960408705
2023-12-11,1367.959917242017,11.533041992198271,9.77861018066931,1,5.462109074889602
2023-12-12,1297.7965775686039,11.536551210752934,9.71517373625662,0,5.907103577131194
2023-12-13,1288.9473074769237,11.535203641491297,9.715164414742686,0,6.184786159760015
2023-12-14,1214.3340818010242,11.54239370412215,9.679710132479563,0,8.004622756133928
2023-12-15,1320.078261947485,11.50078718888297,9.688699170574955,1,8.532115861337441
2023-12-16,1158.285100224363,11.56954857612635,9.73223423525897,0,5.296582031911734
2023-12-17,1124.248173041641,11.556594184774935,9.737036029042864,0,4.470889302191107
2023-12-18,1181.6346598677987,11.54906231043519,9.731695650613128,0,5.185677730258721
2023-12-19,1206.5741017246323,11.513061967642823,9.741961812733004,0,6.630189394076755
2023-12-20,1158.1753678167654,11.475821887487834,9.7505313186163,0,7.249179522283823
2023-12-21,1175.745079379957,11.426912409097882,9.679645395362733,0,5.3878277146603635
2023-12-22,1067.249132078438,11.411179975026636,9.686873501284849,0,4.628735127922576
2023-12-23,1225.085334245481,11.37287670147637,9.705481821968378,0,6.57354175474834
2023-12-24,1361.5816351702208,11.45513539512538,9.697701572939598,0,6.935389383402891
2023-12-25,1381.1070436528355,11.379595699909906,9.727058345283814,0,7.551965557719914
2023-12-26,1296.3749019288302,11.334462477982635,9.723228108046323,0,5.043424184829792
2023-12-27,1315.8957017388593,11.318405900844354,9.746238070920736,0,6.4932937128252
2023-12-28,1322.7187091666608,11.345345551968288,9.8144312241326,1,3.5524506443151456
2023-12-29,1244.3555286490591,11.328795276713086,9.811539490261806,0,5.841454412770853
2023-12-30,1311.1286774503806,11.355833812433204,9.75327552528426,0,7.077771759595383
2023-12-31,1413.3884668199737,11.316361656861591,9.74317777356199,1,8.225581037498426
2024-01-01,1336.3141609744025,11.31873330221738,9.691401073418287,0,6.453244430808001
2024-01-02,1302.2327468548149,11.388494945697813,9.709738208211501,0,5.637374786013077
2024-01-03,1278.3143303048485,11.349785169869834,9.749018737432493,0,3.891058598940738
2024-01-04,1297.9487777090594,11.36656787690565,9.76989512728402,0,6.342556650396838
2024-01-05,1200.4338678459437,11.37484497767698,9.779504373666407,0,6.947638378596994
2024-01-06,1273.494154514885,11.284783578237466,9.760156609940665,0,7.520498640010549
2024-01-07,1287.1771020710669,11.261224756378638,9.80742610231966,0,6.364817565982274
2024-01-08,1216.9173240331568,11.306470832590877,9.83002438867964,0,4.566792949738251
2024-01-09,1277.882053968778,11.311873939490265,9.838558475381525,0,6.830255761787137
2024-01-10,1312.360017272101,11.263383180974422,9.844704284952922,0,8.534819294034879
2024-01-11,1366.2127666191868,11.291014271891049,9.848053105712422,1,5.606402138969015
2024-01-12,1141.2763387315572,11.271849354078475,9.861619598431204,0,4.796330898606101
2024-01-13,1126.4742044413822,11.286251383201709,9.843219783059357,0,5.5054847842686625
2024-01-14,1142.5876370573753,11.301328187779214,9.888977281079459,0,5.980232033816542
2024-01-15,1174.963626734855,11.256580363733391,9.893547473665677,0,5.21477770780229
2024-01-16,1192.6324416373982,11.288173485122762,9.911549107179853,0,7.059499260726906
2024-01-17,1213.5578672121871,11.247873133073355,9.89854208884977,0,6.646095272852147
2024-01-18,1140.8959182068709,11.19564169841969,9.909789644856973,0,5.498512032654936
2024-01-19,1092.5915583340905,11.16032853891081,9.841337072067779,0,5.9702621357233365
2024-01-20,1092.8240859706054,11.14648493755628,9.807788105714033,0,3.691401225182699
2024-01-21,1269.8112440671393,11.150861063813931,9.80684571111844,0,6.481881413264083
2024-01-22,1195.4424348515636,11.119957714519034,9.76717151781674,0,3.909290034937411
2024-01-23,1227.831168573891,11.149750487014838,9.840353939732694,0,5.5840026658650315
2024-01-24,1230.788889389366,11.159809054376582,9.790311500315413,0,5.30798330440446
2024-01-25,1260.7079238537704,11.132017125772363,9.80068852278649,0,6.699868500974023
2024-01-26,1114.552715323727,11.167576842476157,9.850361717390715,0,5.333786910175528
2024-01-27,1191.3784591048445,11.214019576782015,9.864800329173079,0,5.929563078675082
2024-01-28,1275.1737506514855,11.210072188909635,9.855493502571637,0,8.242788050699907
2024-01-29,1226.0476767124246,11.201472867111079,9.838929180056654,0,3.645851940340231
2024-01-30,1407.9526743614501,11.130522012980824,9.859126844719833,0,6.169652440071018
2024-01-31,1353.4148616765806,11.114221509285166,9.835118724288556,0,7.296313906336586
2024-02-01,1304.4142655086841,11.102561240782553,9.831534140994293,0,5.058374705848807
2024-02-02,1272.6171398371291,11.112376417072939,9.852270099165837,0,6.031383696394837
2024-02-03,1337.0943040472873,11.105639359807721,9.843033728368548,0,3.9580067117985944
2024-02-04,1167.131904459069,11.11540043733334,9.84565902867421,0,3.5868312954451924
2024-02-05,1321.4280412442731,11.176764048905495,9.836536439897738,0,7.083163533306617
2024-02-06,1291.0227075802527,11.155567484960148,9.807442511792532,0,5.509284599768519
2024-02-07,1233.7369275069123,11.135928593657514,9.843117026334196,0,4.030972729945555
2024-02-08,1264.2616963372807,11.08356198108541,9.884909013551686,0,5.2899315757004235
2024-02-09,1227.932564305041,11.083215562415747,9.875408014934585,0,6.906651599332692
2024-02-10,1240.6280110053083,11.122288081714531,9.867440730174229,0,6.826847575820343
2024-02-11,1289.9347264221233,11.052245267746837,9.862103750004833,0,7.571601258239371
2024-02-12,1229.103797736715,11.025610989066061,9.878267848213605,0,5.244004722411388
2024-02-13,1500.125343105542,11.027048609166219,9.85110884025636,1,5.058845137378257
2024-02-14,1308.5470969700068,11.061052724507196,9.848453081089783,0,6.49632209433241
2024-02-15,1276.7847251229841,11.07636753406827,9.856341852744857,0,7.5001433425016515
2024-02-16,1078.196614580101,11.089386079195556,9.875603117226474,0,5.438162157470791
2024-02-17,1160.7025265108362,11.08041356775672,9.792177998980032,0,7.437286710447308
2024-02-18,1111.2872743023554,11.099688538037467,9.804280095267087,0,5.4997952696364365
2024-02-19,1351.0368482934057,11.140260693378806,9.81465549812466,1,9.056177913563072
2024-02-20,1183.357750310187,11.071901022316839,9.844887345225649,0,3.4204891442668703
2024-02-21,1203.5689863395964,11.101042438350243,9.829099424769026,0,8.30225231531893
2024-02-22,1148.5628994845579,11.097092046115575,9.813548828610955,0,3.753779697461737
2024-02-23,1326.807870542549,11.075892491546995,9.849624326211046,1,7.834760040493218
2024-02-24,1166.2954075154369,10.978169460111822,9.80272962502657,0,6.128700964184435
2024-02-25,1257.8301085201183,10.92295540716565,9.851602333768012,0,5.319985642202523
2024-02-26,1292.454268704876,10.99087776685554,9.928279167544847,0,4.6368446416123765
2024-02-27,1283.4318949735691,10.963335825556998,9.942602718085993,0,4.6078167843591995
2024-02-28,1372.2612124482903,10.919945074706874,9.967025672293293,0,7.022633934931872
2024-02-29,1217.9963501768314,10.901688036461131,9.922338221080311,0,6.690463820972463
2024-03-01,1296.5708901375256,10.871882147586787,9.901501427479385,0,5.717333201432716
2024-03-02,1240.0419271872202,10.876856492891543,9.933237303894547,0,5.9601236363799
2024-03-03,1270.2789962560648,10.937535440021408,9.944091764304014,0,4.6930782038564365
2024-03-04,1347.9124263454285,10.91407080198732,9.938648940413211,0,5.801148829516099
2024-03-05,1340.978094409139,10.920242404009395,9.945635014383397,0,7.328761667576677
2024-03-06,1287.22576341809,10.874352918359785,9.960844308913005,0,4.638612006790023
2024-03-07,1269.455163146987,10.935159576048045,9.952051437880394,0,6.7817062716590755
2024-03-08,1215.1829855909216,10.94272131374461,9.951183059531093,0,5.307829705268109
2024-03-09,1272.8191503434616,10.899448548812986,9.950093838287124,0,3.708646100619567
2024-03-10,1207.8469740596304,10.935620797618371,9.918525468844797,0,7.592518247821458
2024-03-11,1215.8812126666228,10.983620303561676,9.92823330768357,0,3.939079263222871
2024-03-12,1261.2443266888174,10.99007855809798,9.982340885121962,0,5.302758400029891
2024-03-13,1213.4746358146201,10.924502679396351,10.034299749027548,0,7.603880153211513
2024-03-14,1146.12620430196,10.99590943193701,9.990007770151996,0,4.819183809335824
2024-03-15,1184.2318956572226,11.00831433276207,10.007126706748297,0,7.413830135730613
2024-03-16,1142.7742266276264,11.055132504656529,10.02739182017547,0,5.327247642515457
2024-03-17,1197.7719803525563,11.033096776451844,10.015076506290761,0,5.859616232596682
2024-03-18,1296.346878208148,11.017151819462487,9.98615050524939,0,8.826821215207866
2024-03-19,1223.7823062905202,11.021569943834109,9.94652607582424,0,7.70368599175024
2024-03-20,1188.884267276427,11.066106010955545,9.93318496245874,0,6.129278149402086
2024-03-21,1077.630810353614,11.07182561208223,9.943685236556956,0,5.0190141786452855
2024-03-22,1141.1267495149605,11.021552259580885,9.938943491283938,0,6.040329404185885
2024-03-23,1291.875429476583,11.032031827452217,9.920615498636042,1,8.474414594991625
2024-03-24,1267.4556291828515,11.097213195232648,9.883140799695516,0,9.258076370374212
2024-03-25,1401.4709507107016,11.099845446531162,9.893662287447164,1,5.070251948945116
2024-03-26,1329.5876265250904,11.10502086748222,9.925658560856249,0,8.166367593737082
2024-03-27,1220.0551556904418,11.054519117770868,9.897850901695213,0,3.6332583183260403
2024-03-28,1294.760480974818,10.998399554261955,9.911303770619675,0,6.8823096120445575
2024-03-29,1289.8638753162595,10.972891868709425,9.854919513302363,0,6.561549631115417
2024-03-30,1252.5682288447372,10.959831162844676,9.835195530034126,0,7.561645382873707
2024-03-31,1317.0305393728172,10.963993592245087,9.857083653619599,0,4.751386761469123
2024-04-01,1305.2051478111655,10.970631871224054,9.82355063733791,0,6.219025730587318
2024-04-02,1265.9798454221616,11.034708177264731,9.805417535593538,0,3.207360369395179
2024-04-03,1328.7076270885805,11.037055674802728,9.847956540446638,0,5.054902172539125
2024-04-04,1425.8128683194793,11.079632582339164,9.825971221039062,1,5.974494625989027
2024-04-05,1256.1973444549658,11.078059408953367,9.800352876462185,0,6.291769623883843
2024-04-06,1339.5992069572665,11.136015553418398,9.817628327320104,0,10.18795674954606
2024-04-07,1309.7049177607857,11.06119965426851,9.876270334214762,0,5.2359075095251
2024-04-08,1295.009724651577,11.037250383601373,9.86908023579594,0,6.031276524685519
2024-04-09,1279.8947280127998,11.076571719451742,9.892142311605497,0,4.271996307773614
2024-04-10,1221.4627738944712,11.069707879241474,9.932515387008948,0,3.1704051030053657
2024-04-11,1309.4745872287385,11.106969063776992,9.942281951895364,0,7.347532360362106
2024-04-12,1245.3691506867008,11.122371707888083,9.934184414859812,0,7.358179253952646
2024-04-13,1143.310172785166,11.160206787236604,9.907894612701048,0,3.9368391902789472
2024-04-14,1153.5029627720276,11.184729496357757,9.865138283873417,0,3.465313657967065
2024-04-15,1185.4594753302379,11.211675453710308,9.89848933622653,0,5.046177585411397
2024-04-16,1241.3617441473118,11.27137366919637,9.903918050598786,0,8.500538680265901
2024-04-17,1267.4293629489284,11.310832629944407,9.943902078871474,1,3.767787976176589
2024-04-18,1158.5440283485846,11.350584898229863,9.973569838361966,0,7.0226952865430015
2024-04-19,1104.1866350304751,11.351401648581287,9.955060722761138,0,6.197139945928264
2024-04-20,1106.453091687254,11.328127640188612,9.919454121764128,0,5.547273818768676
2024-04-21,1152.2271396836536,11.30174523665772,9.931834209252235,0,5.093097597067217
2024-04-22,1208.2467464464567,11.331783020545307,9.912859002721998,0,6.367473069210283
2024-04-23,1220.2921254590362,11.234244597983507,9.92415967695202,0,5.533807400018461
2024-04-24,1212.2274875616447,11.181957470451335,9.902225118822178,0,5.401019401951579
2024-04-25,1241.495583406415,11.143427323016184,9.87638836122626,0,5.68869037376669
2024-04-26,1269.6758087774144,11.133522467868438,9.872158636940037,0,7.667433730823905
2024-04-27,1277.2238571129376,11.028264946396106,9.900181655552277,0,6.319262152925835
2024-04-28,1324.2983714652544,11.07861379849968,9.909377852411685,0,6.103427886777365
2024-04-29,1327.044303356882,11.102620807952862,9.944729106871838,0,8.073868187661613
2024-04-30,1440.8850020520786,11.182004103891206,9.907722255780183,0,5.597777320654008
2024-05-01,1485.373333224276,11.224492682648117,9.876009941534212,0,8.149256350008962
2024-05-02,1394.8050312096075,11.265707855894197,9.873335030559403,0,4.986281556139091
2024-05-03,1290.4653359446004,11.355734897135433,9.938306072058195,0,6.796723370039183
2024-05-04,1306.8077263846203,11.332896573661134,9.958534655465066,0,5.515345065861299
2024-05-05,1262.3249398950607,11.272758237691159,9.926536273203725,0,5.897255585325192
2024-05-06,1299.1873837219255,11.26346394183145,9.924252059614993,0,5.035141146362081
2024-05-07,1249.6530535811696,11.230464259677564,9.930873503339031,0,5.556919933060107
2024-05-08,1268.591394545,11.220190445236586,9.9138129309722,0,4.949113685994285
2024-05-09,1174.2266921366734,11.178181685626262,9.932211180703895,0,6.604277699349139
2024-05-10,1178.565613817791,11.200896888324422,9.927517796558952,0,4.762847777682254
2024-05-11,1247.0387899734849,11.22141620230837,9.918537875012662,0,6.8048365727349776
2024-05-12,1434.5500597056541,11.22033929868564,9.956345578628436,1,9.520598798264325
2024-05-13,1127.5168647789105,11.232802558820955,9.905055751563628,0,3.6674380601757903
2024-05-14,1111.1486073742915,11.227120529735789,9.876201591310087,0,2.441817933542029
2024-05-15,1176.8279401071723,11.257201876466478,9.851682321866864,0,4.5177067055520075
2024-05-16,1158.4688299254774,11.259987506445894,9.826251889766903,0,7.11494519877413
2024-05-17,1007.5038963101618,11.249369681450062,9.80438929840816,0,4.933259997437443
2024-05-18,1196.8016068539814,11.28655306024777,9.819043577144885,0,6.866221631525801
2024-05-19,1331.9969197566766,11.336985911016841,9.851939561997195,1,7.4238318747255985
2024-05-20,1127.4141048921922,11.39048406404249,9.879420799816874,0,5.623382823905404
2024-05-21,1245.102531686614,11.35087307646971,9.848833936021002,0,7.327152376497462
2024-05-22,1219.5045280973509,11.329495188148043,9.845611399063907,0,2.59574733999579
2024-05-23,1198.391768985112,11.261435344358135,9.859179355468152,0,7.251799096462811
2024-05-24,1189.404727204987,11.251892743629991,9.866379444036715,0,7.198955059888659
2024-05-25,1165.6030400640304,11.268537696209096,9.905551866021991,0,5.850850707314786
2024-05-26,1295.9232578915237,11.263225649228616,9.885291838955672,0,7.505304843970424
2024-05-27,1336.1639327844691,11.340459683910549,9.889981421588695,0,8.161444326869512
2024-05-28,1394.046406954492,11.324225948906095,9.878184500141513,0,8.899230872807244
2024-05-29,1323.4480723695326,11.280685606686538,9.885716750714199,0,8.911873943346126
2024-05-30,1297.7859717738754,11.303425774953253,9.853349843333508,0,6.083288293973433
2024-05-31,1339.3196328225342,11.30942312809318,9.82548171170478,1,5.788174200488845
2024-06-01,1277.9704216566072,11.331408831925195,9.803578385911127,0,5.882848070994654
2024-06-02,1179.1998325458717,11.343560349156641,9.786668306576475,0,1.9882645645453296
2024-06-03,1342.22496929604,11.353310979577877,9.833106004545458,0,7.047235171455948
2024-06-04,1332.726381960427,11.268419024256174,9.868368061974321,0,9.524033541851818
2024-06-05,1316.016499617779,11.23937446315548,9.861988571852901,0,6.848750323292102
2024-06-06,1206.8889687559272,11.215761466437364,9.867176570679188,0,3.8677817325617583
2024-06-07,1124.7300370212818,11.201842892919968,9.819343490135875,0,4.5079624538363445
2024-06-08,1251.06826911271,11.18390722738153,9.813964719739332,0,4.592361396875178
2024-06-09,1300.874190850996,11.200419977849037,9.818753161138684,0,8.48557797201759
2024-06-10,1214.2677712834309,11.224455278196718,9.85312368754072,0,6.753590728875056
2024-06-11,1216.9371311980913,11.179189641126673,9.86292782913097,0,6.957192950887732
2024-06-12,1203.7950759934936,11.206661817398459,9.875914530894235,0,6.530294570872769
2024-06-13,1100.9460612619016,11.230092542945142,9.884847417586748,0,4.332781905496962
2024-06-14,1094.2796996098664,11.24872334558667,9.892917453276914,0,4.584133937197819
2024-06-15,1062.8676185645518,11.192007566065485,9.851014677998863,0,7.021107727194888
2024-06-16,1366.9525792253671,11.209630858077045,9.838511947948655,1,6.129317320822391
2024-06-17,1104.0523535669117,11.212934674858495,9.8815585519049,0,3.2128523709623202
2024-06-18,1410.5404857178694,11.251369877867049,9.906275445183178,1,7.17904049557395
2024-06-19,1216.6487573087368,11.322744149679101,9.921102480155133,0,8.125094538491599
2024-06-20,1390.9873377119732,11.386266865102872,9.923103939431854,1,6.009587821803935
2024-06-21,1167.1569366972271,11.39077263199247,9.942887181304224,0,5.526053231056073
2024-06-22,1245.7224372162552,11.390697644323437,9.91454049903564,0,8.04868853807866
2024-06-23,1247.9319057020618,11.415975575683811,9.867138712175228,0,5.706402356562638
2024-06-24,1237.8923739826935,11.371373977547034,9.855676115608178,0,5.079267101497473
2024-06-25,1237.1011997321725,11.31334665188284,9.871813807339892,0,3.6922446451508875
2024-06-26,1250.3653280300414,11.294445428201842,9.87504870380795,0,5.263201796499668
2024-06-27,1317.545428984379,11.343268184750423,9.905467464173299,0,8.800500947270512
2024-06-28,1274.807516057206,11.330023052819124,9.916010979670112,0,7.74570706988047
2024-06-29,1269.4701171533434,11.390126289051501,9.917356245556544,0,6.17904722863051
2024-06-30,1260.6507846809495,11.2786017737281,9.957180794177011,0,5.991189063709083
2024-07-01,1342.3290924961568,11.215113516656595,9.991152067530736,0,7.4844589803270765
2024-07-02,1362.3754961709121,11.210165967342368,9.988209328494152,0,6.153452103442689
2024-07-03,1273.8078365671245,11.245693748996002,9.955117832663671,0,4.104142891492496
2024-07-04,1293.6122046100038,11.242908825047198,9.927896987896005,0,6.216438038658875
2024-07-05,1271.8004868350317,11.239082715267466,9.92305345374748,0,6.2632653823580355
2024-07-06,1272.4328431439194,11.234213055457184,9.912049112237908,0,6.019356683860205
2024-07-07,1285.468838911697,11.163697146081141,9.961781982134326,0,6.386174906409269
2024-07-08,1383.1192782921223,11.210019901058734,9.911377957665987,1,4.960648820424354
2024-07-09,1237.200664182552,11.18270931226524,9.909450224059311,0,6.232608123533494
2024-07-10,1227.3906941224272,11.226290618553818,9.877463429437364,0,3.595082041106821
2024-07-11,1125.3575557860177,11.223469681835324,9.880967485504755,0,4.6190528636822155
2024-07-12,1137.9475766477096,11.266196097328487,9.892435430491515,0,5.6342173447743145
2024-07-13,1224.298011881087,11.279926416567589,9.880288521259098,0,6.903806346637692
2024-07-14,1123.9122399273,11.27565943694526,9.896202963669545,0,5.554002918517636
2024-07-15,1191.8191045394842,11.284709902828007,9.890244155454356,0,6.660297588609448
2024-07-16,1231.2998424217737,11.225790798463544,9.88486228707167,0,7.534016186922051
2024-07-17,1175.1893870438635,11.226031971550386,9.872325625309102,0,9.630349905830617
2024-07-18,1089.0549038398847,11.294673584434872,9.891850353971051,0,5.56028433618348
2024-07-19,1154.1537990060317,11.34700132699442,9.896005397882238,0,5.034402928937446
2024-07-20,1160.8681567159151,11.307600383686497,9.943202586775723,0,6.057883703310469
2024-07-21,1362.713418718842,11.327827817740014,9.981303333080453,1,6.29763900804586
2024-07-22,1254.2540678690839,11.337747013129915,9.99791657130757,0,6.819185073860185
2024-07-23,1193.590315643587,11.370434544334612,9.933133321924569,0,7.218830261553296
2024-07-24,1190.2446754782427,11.3742006597555,9.88860347256335,0,5.576410846656461
2024-07-25,1152.7856463813675,11.364860500030296,9.918190989747044,0,7.090401862554559
2024-07-26,1238.6185535089248,11.418085731084723,9.903921832961293,0,6.122949269543264
2024-07-27,1375.9655003689124,11.426741593815603,9.910967145691641,0,7.841057462067053
2024-07-28,1200.032759597894,11.476960166693456,9.89205288369165,0,5.581781049419167
2024-07-29,1357.0840276662977,11.515935614827235,9.907589482607138,0,6.210383403520205
2024-07-30,1376.2140408623372,11.50295612516648,9.936329180929972,0,6.40538425554105
2024-07-31,1347.0291481995314,11.496276114192192,9.900040348742404,0,7.698787893832664
2024-08-01,1213.248026897262,11.573469411552153,9.875633205977778,0,5.993844739546911
2024-08-02,1176.7632279051152,11.58112870456975,9.825721353577826,0,4.445094176029569
2024-08-03,1113.646562067881,11.55078356763535,9.83272357293269,0,3.45656730181973
2024-08-04,1434.6759425202795,11.502781836515949,9.782765160307795,1,7.55101478397008
2024-08-05,1315.6514915191995,11.541747133926258,9.771782709460837,0,6.960411764770342
2024-08-06,1505.5748479811223,11.548158882770108,9.78737104385682,1,8.492921290519948
2024-08-07,1243.758298082703,11.51647520474895,9.84911383189707,0,6.138699693991861
2024-08-08,1167.9299195354517,11.543458597998415,9.860166382165692,0,6.129896634269965
2024-08-09,1141.1962485304398,11.549848545800652,9.89775292442494,0,6.269049736395219
2024-08-10,1137.9889307830906,11.483429542970134,9.905527689701733,0,5.195942735176592
2024-08-11,1168.3094715379289,11.506976965158566,9.914804991983283,0,4.944303720810918
2024-08-12,1264.8618420455912,11.560304593272296,9.908477305050088,0,6.6575946071959295
2024-08-13,1309.233884841831,11.662698602497594,9.89697920106298,0,7.771266260357769
2024-08-14,1322.638141576844,11.664094705060075,9.932210545609259,1,6.905712537118455
2024-08-15,1069.4340967072144,11.673400691388496,9.943450776194009,0,5.278502212862245
2024-08-16,1165.4359112201378,11.737664563597889,9.953539666540545,0,6.6369728626016515
2024-08-17,1221.4225000684053,11.744413454275348,9.935294408727612,0,6.264695745628068
2024-08-18,1243.5389944883657,11.755427128798544,9.92494315678476,1,5.154971574406904
2024-08-19,1135.5781049616783,11.73020239314132,9.986967871274132,0,4.166236606898995
2024-08-20,1182.6615735126466,11.674427388632793,9.984942816361283,0,4.754086818620776
2024-08-21,1239.6785404245286,11.710934906065587,10.024727858149044,0,7.793222708958858
2024-08-22,1163.9798192581059,11.659992096593099,10.009120306809022,0,6.380427656555177
2024-08-23,1101.5900270913646,11.705618346310997,10.03316663195547,0,5.086315080886273
2024-08-24,1225.4761637907561,11.67409172395549,10.041860499920839,0,6.114848285959913
2024-08-25,1256.2951649015267,11.684701082291422,10.029749106760544,0,6.916272677322979
2024-08-26,1317.0209557694554,11.66981021303709,10.049205993716878,0,5.189779827299481
2024-08-27,1443.379710205975,11.716794222555384,10.002902676450104,1,4.852477489378847
2024-08-28,1278.9270269995766,11.728828078643648,10.020141319317739,0,3.3353977150083134
2024-08-29,1295.8355371317384,11.807191892743933,10.043748415975088,0,7.6328235623380625
2024-08-30,1289.17800626083,11.76384478556955,10.05194061161847,0,6.881883691360297
2024-08-31,1242.28782622958,11.78039930883098,10.091268322513585,0,7.004083604075738
2024-09-01,1316.4031793871338,11.782292984067265,10.089225308872779,0,6.842880934716233
2024-09-02,1283.9902286621136,11.793490726917543,10.084751133333244,0,2.9586126497986482
2024-09-03,1358.1374512526663,11.85732757378196,10.095402319206483,0,6.1644121902006646
2024-09-04,1270.6542292779268,11.880740294985651,10.121433506788089,0,6.67495211641571
2024-09-05,1249.2851382379379,11.834839278638563,10.138528722221663,0,6.106099013034895
2024-09-06,1168.5767041407798,11.856179711372157,10.131730329981785,0,2.4730070893334557
2024-09-07,1114.0990859035046,11.839554936325927,10.101873494626426,0,5.812790376425952
2024-09-08,1315.6786929898515,11.820620737523095,10.121777872304815,1,5.61407031168768
2024-09-09,1267.9283574317515,11.86245503064443,10.09809073407662,0,7.556262953025908
2024-09-10,1194.3873109438596,11.838361431323381,10.073542473037813,0,5.844103860131757
2024-09-11,1134.6965294776653,11.823172218220176,10.053903177756531,0,5.219726916385301
2024-09-12,1135.2098807781608,11.82446850839633,10.055634441959242,0,5.218847946309333
2024-09-13,1107.1439588310811,11.862315944266145,10.031745548030527,0,7.084270217078939
2024-09-14,1130.9217600497311,11.885579536380593,9.997674906926976,0,7.0087585742997485
2024-09-15,1210.7025195379417,11.876202939903878,9.977909648593242,1,5.679040809890707
2024-09-16,1142.997697013107,11.865315881276382,9.972409694279415,0,5.4016750210568905
2024-09-17,1271.1991732581155,11.818910694815042,9.986038228323768,1,2.5470521999892206
2024-09-18,1111.6943786077659,11.788517291271335,9.98805623564668,0,2.937526636312989
2024-09-19,1266.564635686264,11.762342047838516,9.955642372789214,1,4.746824944845398
2024-09-20,1153.1185553345374,11.756370410168618,9.962502236736345,0,5.78418218050517
2024-09-21,1184.1845012033393,11.835840931655383,9.972184902378224,0,4.813556645691334
2024-09-22,1155.3929000121793,11.808822154303927,9.958536006665788,0,3.728796228173609
2024-09-23,1254.3797908629044,11.796988991587702,9.93464862490095,0,5.9447539964119755
2024-09-24,1282.4750785234164,11.714893055388636,9.910749720279078,0,5.967293715220515
2024-09-25,1290.369482539205,11.738915899161057,9.89479535077371,0,7.963850234617938
2024-09-26,1207.0618211665337,11.675817947407976,9.961222611866788,0,5.4619240340961
2024-09-27,1263.640078030617,11.639554366521402,9.934550439603072,0,5.6480047622628
2024-09-28,1321.446580989442,11.681247781259042,9.942530414618437,1,4.924373610810042
2024-09-29,1387.8608872433226,11.597050644075884,9.92110733672725,0,9.905783517658966
2024-09-30,1327.8335946787854,11.600887460571693,9.905927843253691,0,6.9670939822333215
2024-10-01,1281.839973517357,11.632924646438298,9.884743750071799,0,4.757470554481377
2024-10-02,1245.105142512547,11.69394241589591,9.908779821648995,0,3.0450152007894467
2024-10-03,1229.546217302695,11.657138691556325,9.920153056505296,0,4.066761221617919
2024-10-04,1148.2623874429,11.63217769754673,9.91627274247107,0,4.621153063816747
2024-10-05,1168.184777947372,11.704355150482835,9.931360790870563,0,3.9572832570546073
2024-10-06,1206.9131027046938,11.70335274469957,9.95366476172878,0,5.8219527147647145
2024-10-07,1185.231354748993,11.673902187328784,9.928143310336734,0,4.474668274777567
2024-10-08,1107.8586337370812,11.645202753836495,9.944560882732224,0,3.592489528341857
2024-10-09,1398.0456627438202,11.606300500893797,9.923031932199576,1,6.95637557364248
2024-10-10,1147.7841248987183,11.588713612676756,9.948169989015382,0,3.6884170121718842
2024-10-11,1001.7002203774166,11.63224243173473,9.970375943396979,0,2.1700450310682924
2024-10-12,1286.9812247026475,11.667753074477668,9.982487034917883,1,7.405544029222632
2024-10-13,1154.5054380596903,11.620782262364655,9.97618924468116,0,8.685612276920887
2024-10-14,1164.4473724587785,11.629365705352825,9.960405966787528,0,6.060510558874996
2024-10-15,1180.6145662929728,11.613279315949924,9.952497105827335,0,7.029713880049028
2024-10-16,1240.4915860274143,11.6445769321141,9.97557174874894,0,7.007076227556405
2024-10-17,1153.2776162746031,11.638322543024929,9.95510181737891,0,9.532853312105145
2024-10-18,1022.7474176339894,11.65318353029692,9.95659195457802,0,4.51454257986528
2024-10-19,1114.2175861045514,11.64683932201858,9.904163079498367,0,5.318841351519261
2024-10-20,1163.7775058858304,11.559355884793051,9.911974319254096,0,5.341403404866215
2024-10-21,1313.4405711138606,11.561235982607798,9.880908466731467,0,6.081259854762272
2024-10-22,1219.8066909143781,11.510366104626593,9.841364364776416,0,5.6890552014803495
2024-10-23,1305.2011634729504,11.540251241093667,9.856925811234635,0,5.876617236445606
2024-10-24,1253.2436022096542,11.513058125397675,9.86323593713865,0,6.214037385440028
2024-10-25,1345.7828930778512,11.488857619154755,9.84993461244921,0,8.967006571775697
2024-10-26,1258.1335966141876,11.488501506154265,9.84087174217613,0,6.411047917257207
2024-10-27,1239.3865172123913,11.51161326432324,9.90900275519983,0,7.244123416638357
2024-10-28,1299.3157039338332,11.504823511611274,9.903178426409141,0,7.001859594018482
2024-10-29,1357.584607016097,11.570510822493075,9.897141945560815,0,6.534667098220872
2024-10-30,1258.3194740328574,11.636463536952506,9.916711103935457,0,5.600436522106872
2024-10-31,1381.7414524705837,11.705082280639306,9.919327474053507,0,7.207129768370261
2024-11-01,1109.4077866867044,11.695709531656956,9.948950327546235,0,3.3740401322228455
2024-11-02,1257.1361724339115,11.636431193412841,9.957273791602699,0,8.309835862657904
2024-11-03,1294.2239458862134,11.685234333982374,9.980106465878851,0,7.001297803229791
2024-11-04,1278.4874995752461,11.668580522570382,9.993406378268395,0,6.150687160567728
2024-11-05,1249.4663297151958,11.670107175050463,10.012765491213104,0,5.981085698314382
2024-11-06,1296.2678960642304,11.695239979164668,10.01148590211772,0,6.3298600510261815
2024-11-07,1211.9388999199448,11.631062523144163,10.018161735435791,0,7.220434502957016
2024-11-08,1203.8242738811525,11.696227371357462,10.010030670639775,0,6.694424395674723
2024-11-09,1165.30617903027,11.731225864521596,10.028155755861365,0,8.048052517248012
2024-11-10,1253.6122472305901,11.745316727804454,9.987774595324405,0,8.572471535497046
2024-11-11,1224.5589078384096,11.780953397823602,10.009558684021046,0,7.64095480149845
2024-11-12,1074.4011444588689,11.803231499396695,10.039499444527712,0,3.7626884097866773
2024-11-13,1095.3508185240084,11.807904624019459,10.061752297865153,0,5.218203106176592
2024-11-14,1199.550542457847,11.795593651133677,10.058629366279655,0,7.465855553917273
2024-11-15,1171.5795048774523,11.766027960159445,10.073786242612865,0,9.195487299001195
2024-11-16,1148.7586626252457,11.77751653139558,10.050488882574552,0,5.119629711312343
2024-11-17,1207.4963998145015,11.791964653786447,10.075601948991583,0,6.90007881025813
2024-11-18,1192.8234144886442,11.835292605893974,10.042625490273831,0,7.841893499247992
2024-11-19,1176.723958141537,11.843319006242742,10.060437423911317,0,6.15895950141347
2024-11-20,1174.0566413325846,11.80919094561152,10.07641714574972,0,4.17290106720672
2024-11-21,1262.0352933452687,11.746141631715654,10.08861898083763,0,8.932897466099273
2024-11-22,1135.5821802526946,11.741039145235257,10.075206471510212,0,4.697698801796664
2024-11-23,1209.709642348924,11.739940810167674,10.098011458499238,0,4.889883623801051
2024-11-24,1254.1887939411304,11.73601714685593,10.04289351262233,0,6.402559613264354
2024-11-25,1410.42721251889,11.674796630961705,10.066210166993368,1,6.082766735916366
2024-11-26,1296.846077049152,11.717775236583126,10.071953304279356,0,4.62398485727657
2024-11-27,1322.2280007193144,11.760680426432476,10.103482064455612,0,8.514431836752918
2024-11-28,1224.6614268975595,11.727749019847897,10.109483534003108,0,6.781001977326109
2024-11-29,1335.3404008938357,11.759988304312783,10.1646292384059,0,7.358156900973055
2024-11-30,1168.398825788382,11.79810153878525,10.136374658402454,0,5.935194182772435
2024-12-01,1207.4459058958585,11.799639421851158,10.154656877957501,0,5.989805043673913
2024-12-02,1370.223059583655,11.761699476803393,10.128076743282831,0,7.984267795118392
2024-12-03,1287.152228603519,11.826234738213834,10.124285157869203,0,5.219751176903143
2024-12-04,1224.3966402882622,11.841471595564723,10.146556335498484,0,5.465643943367729
2024-12-05,1301.3537838257164,11.831430097356241,10.165319245284799,0,6.699355396638328
2024-12-06,1184.9038955524863,11.862343913183159,10.227705405695529,0,7.356522463772913
2024-12-07,1187.3336851010704,11.927232252697165,10.217163203694623,0,7.360898800918333
2024-12-08,1155.4978407535546,11.90734584682961,10.25574324401901,0,4.586567263272493
2024-12-09,1192.7957560790753,11.935002748639882,10.248114238405103,0,4.374955600797202
2024-12-10,1197.1724684485855,12.01272915546887,10.227087235756562,0,4.727510701566311
2024-12-11,1246.3788595300193,11.96806656209945,10.178398628914051,0,7.3258493476759705
2024-12-12,1133.2126452031023,11.946096418550328,10.183278747691116,0,7.323890522933792
2024-12-13,1249.0196980120518,11.92218221532664,10.167639579522632,1,6.480946808992637
2024-12-14,1106.4532336884458,11.915849129844672,10.193065100617499,0,6.44532366999792
2024-12-15,1181.1634193125738,11.907450180409304,10.177213077969467,1,3.5229109058281916
2024-12-16,1176.9122084900941,11.919481997983986,10.162915031242008,0,6.478543002808922
2024-12-17,1164.0896999933502,11.886666977178596,10.173554689534937,0,3.639992434752768
2024-12-18,1218.0895247060485,11.86176043762336,10.225191163479119,0,7.238516535811467
2024-12-19,1213.5123127260445,11.873812056982663,10.192531667051034,0,5.5271243730906905
2024-12-20,1173.6111087137622,11.880008531372011,10.223060051192993,0,6.363445220052902
2024-12-21,1133.990407770414,11.91497172373842,10.249283210186855,0,5.67988441104129
2024-12-22,1202.225096313435,11.931345924735446,10.242654831075802,0,5.879699979068111
2024-12-23,1203.750333643227,11.962219790157876,10.262917319626352,0,4.329235817677006
2024-12-24,1262.3671427068427,11.916501708576217,10.254389026836527,0,5.746803617913236
2024-12-25,1276.7961382950562,11.901165056131585,10.325530680457286,0,5.905393075799297
2024-12-26,1290.5398341699827,11.975100254166922,10.322167821704634,0,6.309981887286075
2024-12-27,1288.6191479153692,11.99078337602899,10.324580244511212,0,6.8169715731177
2024-12-28,1225.3347934485018,12.020679094490841,10.314806496236688,0,6.720506476382687
2024-12-29,1302.5354050448154,12.031588483977353,10.264002874811341,0,6.404451532454148
2024-12-30,1282.9301225309935,12.048601918254505,10.256108273414997,0,5.0215334419796385
